"NO.","FUNC","DATA","UNIT","TIME"
1,"TYPE T","OL/93.4","K","2024/10/25\12:39:41"
2,"TYPE T","OL/93.4","K","2024/10/25\12:39:42"
3,"TYPE T","OL/93.4","K","2024/10/25\12:39:42"
4,"TYPE T","OL/93.4","K","2024/10/25\12:39:43"
5,"TYPE T","OL/93.4","K","2024/10/25\12:39:43"
6,"TYPE T","OL/93.4","K","2024/10/25\12:39:44"
7,"TYPE T","OL/93.4","K","2024/10/25\12:39:45"
8,"TYPE T","OL/93.4","K","2024/10/25\12:39:45"
9,"TYPE T","OL/93.4","K","2024/10/25\12:39:46"
10,"TYPE T","OL/93.4","K","2024/10/25\12:39:46"
11,"TYPE T","OL/93.3","K","2024/10/25\12:39:47"
12,"TYPE T","OL/93.3","K","2024/10/25\12:39:48"
13,"TYPE T","OL/93.3","K","2024/10/25\12:39:48"
14,"TYPE T","OL/93.3","K","2024/10/25\12:39:49"
15,"TYPE T","OL/93.3","K","2024/10/25\12:39:49"
16,"TYPE T","OL/93.3","K","2024/10/25\12:39:50"
17,"TYPE T","OL/93.3","K","2024/10/25\12:39:51"
18,"TYPE T","OL/93.3","K","2024/10/25\12:39:51"
19,"TYPE T","OL/93.3","K","2024/10/25\12:39:52"
20,"TYPE T","OL/93.3","K","2024/10/25\12:39:52"
21,"TYPE T","OL/93.3","K","2024/10/25\12:39:53"
22,"TYPE T","OL/93.3","K","2024/10/25\12:39:54"
23,"TYPE T","OL/93.3","K","2024/10/25\12:39:54"
24,"TYPE T","OL/93.3","K","2024/10/25\12:39:55"
25,"TYPE T","OL/93.2","K","2024/10/25\12:39:55"
26,"TYPE T","OL/93.2","K","2024/10/25\12:39:56"
27,"TYPE T","OL/93.2","K","2024/10/25\12:39:57"
28,"TYPE T","OL/93.2","K","2024/10/25\12:39:57"
29,"TYPE T","OL/93.2","K","2024/10/25\12:39:58"
30,"TYPE T","OL/93.2","K","2024/10/25\12:39:58"
31,"TYPE T","OL/93.1","K","2024/10/25\12:39:59"
32,"TYPE T","OL/93.1","K","2024/10/25\12:40:00"
33,"TYPE T","OL/93.1","K","2024/10/25\12:40:00"
34,"TYPE T","OL/93.1","K","2024/10/25\12:40:01"
35,"TYPE T","OL/93.1","K","2024/10/25\12:40:01"
36,"TYPE T","OL/93.2","K","2024/10/25\12:40:02"
37,"TYPE T","OL/93.2","K","2024/10/25\12:40:03"
38,"TYPE T","OL/93.1","K","2024/10/25\12:40:03"
39,"TYPE T","OL/93.1","K","2024/10/25\12:40:04"
40,"TYPE T","OL/93.1","K","2024/10/25\12:40:04"
41,"TYPE T","OL/93.1","K","2024/10/25\12:40:05"
42,"TYPE T","OL/93.1","K","2024/10/25\12:40:05"
43,"TYPE T","OL/93.1","K","2024/10/25\12:40:06"
44,"TYPE T","OL/93.0","K","2024/10/25\12:40:07"
45,"TYPE T","OL/93.0","K","2024/10/25\12:40:07"
46,"TYPE T","OL/93.0","K","2024/10/25\12:40:08"
47,"TYPE T","OL/93.0","K","2024/10/25\12:40:08"
48,"TYPE T","OL/93.0","K","2024/10/25\12:40:09"
49,"TYPE T","OL/93.1","K","2024/10/25\12:40:10"
50,"TYPE T","OL/93.1","K","2024/10/25\12:40:10"
51,"TYPE T","OL/93.0","K","2024/10/25\12:40:11"
52,"TYPE T","OL/93.0","K","2024/10/25\12:40:11"
53,"TYPE T","OL/93.0","K","2024/10/25\12:40:12"
54,"TYPE T","OL/93.0","K","2024/10/25\12:40:13"
55,"TYPE T","OL/93.0","K","2024/10/25\12:40:13"
56,"TYPE T","OL/93.0","K","2024/10/25\12:40:14"
57,"TYPE T","OL/93.0","K","2024/10/25\12:40:14"
58,"TYPE T","OL/93.0","K","2024/10/25\12:40:15"
59,"TYPE T","OL/93.0","K","2024/10/25\12:40:16"
60,"TYPE T","OL/92.9","K","2024/10/25\12:40:16"
61,"TYPE T","OL/92.9","K","2024/10/25\12:40:17"
62,"TYPE T","OL/92.9","K","2024/10/25\12:40:17"
63,"TYPE T","OL/92.9","K","2024/10/25\12:40:18"
64,"TYPE T","OL/92.9","K","2024/10/25\12:40:19"
65,"TYPE T","OL/92.9","K","2024/10/25\12:40:19"
66,"TYPE T","OL/92.9","K","2024/10/25\12:40:20"
67,"TYPE T","OL/92.9","K","2024/10/25\12:40:20"
68,"TYPE T","OL/92.9","K","2024/10/25\12:40:21"
69,"TYPE T","OL/92.9","K","2024/10/25\12:40:22"
70,"TYPE T","OL/92.9","K","2024/10/25\12:40:22"
71,"TYPE T","OL/92.9","K","2024/10/25\12:40:23"
72,"TYPE T","OL/92.9","K","2024/10/25\12:40:23"
73,"TYPE T","OL/92.9","K","2024/10/25\12:40:24"
74,"TYPE T","OL/92.8","K","2024/10/25\12:40:24"
75,"TYPE T","OL/92.8","K","2024/10/25\12:40:25"
76,"TYPE T","OL/92.8","K","2024/10/25\12:40:26"
77,"TYPE T","OL/92.8","K","2024/10/25\12:40:26"
78,"TYPE T","OL/92.8","K","2024/10/25\12:40:27"
79,"TYPE T","OL/92.8","K","2024/10/25\12:40:27"
80,"TYPE T","OL/92.7","K","2024/10/25\12:40:28"
81,"TYPE T","OL/92.7","K","2024/10/25\12:40:29"
82,"TYPE T","OL/92.7","K","2024/10/25\12:40:29"
83,"TYPE T","OL/92.7","K","2024/10/25\12:40:30"
84,"TYPE T","OL/92.8","K","2024/10/25\12:40:30"
85,"TYPE T","OL/92.8","K","2024/10/25\12:40:31"
86,"TYPE T","OL/92.8","K","2024/10/25\12:40:32"
87,"TYPE T","OL/92.8","K","2024/10/25\12:40:32"
88,"TYPE T","OL/92.7","K","2024/10/25\12:40:33"
89,"TYPE T","OL/92.7","K","2024/10/25\12:40:33"
90,"TYPE T","OL/92.7","K","2024/10/25\12:40:34"
91,"TYPE T","OL/92.7","K","2024/10/25\12:40:35"
92,"TYPE T","OL/92.7","K","2024/10/25\12:40:35"
93,"TYPE T","OL/92.7","K","2024/10/25\12:40:36"
94,"TYPE T","OL/92.7","K","2024/10/25\12:40:36"
95,"TYPE T","OL/92.7","K","2024/10/25\12:40:37"
96,"TYPE T","OL/92.7","K","2024/10/25\12:40:38"
97,"TYPE T","OL/92.8","K","2024/10/25\12:40:38"
98,"TYPE T","OL/92.8","K","2024/10/25\12:40:39"
99,"TYPE T","OL/92.8","K","2024/10/25\12:40:39"
100,"TYPE T","OL/92.8","K","2024/10/25\12:40:40"
101,"TYPE T","OL/92.8","K","2024/10/25\12:40:41"
102,"TYPE T","OL/92.8","K","2024/10/25\12:40:41"
103,"TYPE T","OL/92.8","K","2024/10/25\12:40:42"
104,"TYPE T","OL/92.8","K","2024/10/25\12:40:42"
105,"TYPE T","OL/92.8","K","2024/10/25\12:40:43"
106,"TYPE T","OL/92.8","K","2024/10/25\12:40:44"
107,"TYPE T","OL/92.7","K","2024/10/25\12:40:44"
108,"TYPE T","OL/92.7","K","2024/10/25\12:40:45"
109,"TYPE T","OL/92.7","K","2024/10/25\12:40:45"
110,"TYPE T","OL/92.7","K","2024/10/25\12:40:46"
111,"TYPE T","OL/92.7","K","2024/10/25\12:40:46"
112,"TYPE T","OL/92.7","K","2024/10/25\12:40:47"
113,"TYPE T","OL/92.7","K","2024/10/25\12:40:48"
114,"TYPE T","OL/92.7","K","2024/10/25\12:40:48"
115,"TYPE T","OL/92.6","K","2024/10/25\12:40:49"
116,"TYPE T","OL/92.6","K","2024/10/25\12:40:49"
117,"TYPE T","OL/92.6","K","2024/10/25\12:40:50"
118,"TYPE T","OL/92.6","K","2024/10/25\12:40:51"
119,"TYPE T","OL/92.6","K","2024/10/25\12:40:51"
120,"TYPE T","OL/92.6","K","2024/10/25\12:40:52"
121,"TYPE T","OL/92.6","K","2024/10/25\12:40:52"
122,"TYPE T","OL/92.6","K","2024/10/25\12:40:53"
123,"TYPE T","OL/92.6","K","2024/10/25\12:40:54"
124,"TYPE T","OL/92.6","K","2024/10/25\12:40:54"
125,"TYPE T","OL/92.7","K","2024/10/25\12:40:55"
126,"TYPE T","OL/92.7","K","2024/10/25\12:40:55"
127,"TYPE T","OL/92.6","K","2024/10/25\12:40:56"
128,"TYPE T","OL/92.6","K","2024/10/25\12:40:57"
129,"TYPE T","OL/92.7","K","2024/10/25\12:40:57"
130,"TYPE T","OL/92.7","K","2024/10/25\12:40:58"
131,"TYPE T","OL/92.7","K","2024/10/25\12:40:58"
132,"TYPE T","OL/92.6","K","2024/10/25\12:40:59"
133,"TYPE T","OL/92.6","K","2024/10/25\12:41:00"
134,"TYPE T","OL/92.6","K","2024/10/25\12:41:00"
135,"TYPE T","OL/92.6","K","2024/10/25\12:41:01"
136,"TYPE T","OL/92.5","K","2024/10/25\12:41:01"
137,"TYPE T","OL/92.5","K","2024/10/25\12:41:02"
138,"TYPE T","OL/92.5","K","2024/10/25\12:41:03"
139,"TYPE T","OL/92.6","K","2024/10/25\12:41:03"
140,"TYPE T","OL/92.6","K","2024/10/25\12:41:04"
141,"TYPE T","OL/92.5","K","2024/10/25\12:41:04"
142,"TYPE T","OL/92.5","K","2024/10/25\12:41:05"
143,"TYPE T","OL/92.5","K","2024/10/25\12:41:05"
144,"TYPE T","OL/92.5","K","2024/10/25\12:41:06"
145,"TYPE T","OL/92.5","K","2024/10/25\12:41:07"
146,"TYPE T","OL/92.5","K","2024/10/25\12:41:07"
147,"TYPE T","OL/92.5","K","2024/10/25\12:41:08"
148,"TYPE T","OL/92.5","K","2024/10/25\12:41:08"
149,"TYPE T","OL/92.4","K","2024/10/25\12:41:09"
150,"TYPE T","OL/92.4","K","2024/10/25\12:41:10"
151,"TYPE T","OL/92.4","K","2024/10/25\12:41:10"
152,"TYPE T","OL/92.4","K","2024/10/25\12:41:11"
153,"TYPE T","OL/92.4","K","2024/10/25\12:41:11"
154,"TYPE T","OL/92.5","K","2024/10/25\12:41:12"
155,"TYPE T","OL/92.5","K","2024/10/25\12:41:13"
156,"TYPE T","OL/92.4","K","2024/10/25\12:41:13"
157,"TYPE T","OL/92.4","K","2024/10/25\12:41:14"
158,"TYPE T","OL/92.4","K","2024/10/25\12:41:14"
159,"TYPE T","OL/92.4","K","2024/10/25\12:41:15"
160,"TYPE T","OL/92.4","K","2024/10/25\12:41:16"
161,"TYPE T","OL/92.4","K","2024/10/25\12:41:16"
162,"TYPE T","OL/92.4","K","2024/10/25\12:41:17"
163,"TYPE T","OL/92.3","K","2024/10/25\12:41:17"
164,"TYPE T","OL/92.4","K","2024/10/25\12:41:18"
165,"TYPE T","OL/92.4","K","2024/10/25\12:41:19"
166,"TYPE T","OL/92.4","K","2024/10/25\12:41:19"
167,"TYPE T","OL/92.4","K","2024/10/25\12:41:20"
168,"TYPE T","OL/92.4","K","2024/10/25\12:41:20"
169,"TYPE T","OL/92.5","K","2024/10/25\12:41:21"
170,"TYPE T","OL/92.5","K","2024/10/25\12:41:22"
171,"TYPE T","OL/92.5","K","2024/10/25\12:41:22"
172,"TYPE T","OL/92.5","K","2024/10/25\12:41:23"
173,"TYPE T","OL/92.5","K","2024/10/25\12:41:23"
174,"TYPE T","OL/92.4","K","2024/10/25\12:41:24"
175,"TYPE T","OL/92.4","K","2024/10/25\12:41:24"
176,"TYPE T","OL/92.4","K","2024/10/25\12:41:25"
177,"TYPE T","OL/92.4","K","2024/10/25\12:41:26"
178,"TYPE T","OL/92.4","K","2024/10/25\12:41:26"
179,"TYPE T","OL/92.4","K","2024/10/25\12:41:27"
180,"TYPE T","OL/92.4","K","2024/10/25\12:41:27"
181,"TYPE T","OL/92.4","K","2024/10/25\12:41:28"
182,"TYPE T","OL/92.4","K","2024/10/25\12:41:29"
183,"TYPE T","OL/92.4","K","2024/10/25\12:41:29"
184,"TYPE T","OL/92.4","K","2024/10/25\12:41:30"
185,"TYPE T","OL/92.4","K","2024/10/25\12:41:30"
186,"TYPE T","OL/92.4","K","2024/10/25\12:41:31"
187,"TYPE T","OL/92.4","K","2024/10/25\12:41:32"
188,"TYPE T","OL/92.4","K","2024/10/25\12:41:32"
189,"TYPE T","OL/92.4","K","2024/10/25\12:41:33"
190,"TYPE T","OL/92.4","K","2024/10/25\12:41:33"
191,"TYPE T","OL/92.4","K","2024/10/25\12:41:34"
192,"TYPE T","OL/92.3","K","2024/10/25\12:41:35"
193,"TYPE T","OL/92.3","K","2024/10/25\12:41:35"
194,"TYPE T","OL/92.3","K","2024/10/25\12:41:36"
195,"TYPE T","OL/92.3","K","2024/10/25\12:41:36"
196,"TYPE T","OL/92.3","K","2024/10/25\12:41:37"
197,"TYPE T","OL/92.3","K","2024/10/25\12:41:38"
198,"TYPE T","OL/92.3","K","2024/10/25\12:41:38"
199,"TYPE T","OL/92.3","K","2024/10/25\12:41:39"
200,"TYPE T","OL/92.3","K","2024/10/25\12:41:39"
201,"TYPE T","OL/92.3","K","2024/10/25\12:41:40"
202,"TYPE T","OL/92.4","K","2024/10/25\12:41:41"
203,"TYPE T","OL/92.4","K","2024/10/25\12:41:41"
204,"TYPE T","OL/92.3","K","2024/10/25\12:41:42"
205,"TYPE T","OL/92.3","K","2024/10/25\12:41:42"
206,"TYPE T","OL/92.3","K","2024/10/25\12:41:43"
207,"TYPE T","OL/92.3","K","2024/10/25\12:41:44"
208,"TYPE T","OL/92.3","K","2024/10/25\12:41:44"
209,"TYPE T","OL/92.3","K","2024/10/25\12:41:45"
210,"TYPE T","OL/92.3","K","2024/10/25\12:41:45"
211,"TYPE T","OL/92.3","K","2024/10/25\12:41:46"
212,"TYPE T","OL/92.3","K","2024/10/25\12:41:46"
213,"TYPE T","OL/92.3","K","2024/10/25\12:41:47"
214,"TYPE T","OL/92.3","K","2024/10/25\12:41:48"
215,"TYPE T","OL/92.3","K","2024/10/25\12:41:48"
216,"TYPE T","OL/92.3","K","2024/10/25\12:41:49"
217,"TYPE T","OL/92.3","K","2024/10/25\12:41:49"
218,"TYPE T","OL/92.2","K","2024/10/25\12:41:50"
219,"TYPE T","OL/92.2","K","2024/10/25\12:41:51"
220,"TYPE T","OL/92.2","K","2024/10/25\12:41:51"
221,"TYPE T","OL/92.2","K","2024/10/25\12:41:52"
222,"TYPE T","OL/92.2","K","2024/10/25\12:41:52"
223,"TYPE T","OL/92.2","K","2024/10/25\12:41:53"
224,"TYPE T","OL/92.2","K","2024/10/25\12:41:54"
225,"TYPE T","OL/92.1","K","2024/10/25\12:41:54"
226,"TYPE T","OL/92.2","K","2024/10/25\12:41:55"
227,"TYPE T","OL/92.2","K","2024/10/25\12:41:55"
228,"TYPE T","OL/92.2","K","2024/10/25\12:41:56"
229,"TYPE T","OL/92.2","K","2024/10/25\12:41:57"
230,"TYPE T","OL/92.2","K","2024/10/25\12:41:57"
231,"TYPE T","OL/92.2","K","2024/10/25\12:41:58"
232,"TYPE T","OL/92.2","K","2024/10/25\12:41:58"
233,"TYPE T","OL/92.2","K","2024/10/25\12:41:59"
234,"TYPE T","OL/92.2","K","2024/10/25\12:42:00"
235,"TYPE T","OL/92.2","K","2024/10/25\12:42:00"
236,"TYPE T","OL/92.2","K","2024/10/25\12:42:01"
237,"TYPE T","OL/92.1","K","2024/10/25\12:42:01"
238,"TYPE T","OL/92.1","K","2024/10/25\12:42:02"
239,"TYPE T","OL/92.1","K","2024/10/25\12:42:03"
240,"TYPE T","OL/92.1","K","2024/10/25\12:42:03"
241,"TYPE T","OL/92.1","K","2024/10/25\12:42:04"
242,"TYPE T","OL/92.1","K","2024/10/25\12:42:04"
243,"TYPE T","OL/92.1","K","2024/10/25\12:42:05"
244,"TYPE T","OL/92.1","K","2024/10/25\12:42:05"
245,"TYPE T","OL/92.1","K","2024/10/25\12:42:06"
246,"TYPE T","OL/92.1","K","2024/10/25\12:42:07"
247,"TYPE T","OL/92.1","K","2024/10/25\12:42:07"
248,"TYPE T","OL/92.2","K","2024/10/25\12:42:08"
249,"TYPE T","OL/92.2","K","2024/10/25\12:42:08"
250,"TYPE T","OL/92.2","K","2024/10/25\12:42:09"
251,"TYPE T","OL/92.2","K","2024/10/25\12:42:10"
252,"TYPE T","OL/92.1","K","2024/10/25\12:42:10"
253,"TYPE T","OL/92.1","K","2024/10/25\12:42:11"
254,"TYPE T","OL/92.1","K","2024/10/25\12:42:11"
255,"TYPE T","OL/92.1","K","2024/10/25\12:42:12"
256,"TYPE T","OL/92.1","K","2024/10/25\12:42:13"
257,"TYPE T","OL/92.1","K","2024/10/25\12:42:13"
258,"TYPE T","OL/92.1","K","2024/10/25\12:42:14"
259,"TYPE T","OL/92.1","K","2024/10/25\12:42:14"
260,"TYPE T","OL/92.1","K","2024/10/25\12:42:15"
261,"TYPE T","OL/92.1","K","2024/10/25\12:42:16"
262,"TYPE T","OL/92.1","K","2024/10/25\12:42:16"
263,"TYPE T","OL/92.1","K","2024/10/25\12:42:17"
264,"TYPE T","OL/92.1","K","2024/10/25\12:42:17"
265,"TYPE T","OL/92.1","K","2024/10/25\12:42:18"
266,"TYPE T","OL/92.1","K","2024/10/25\12:42:19"
267,"TYPE T","OL/92.1","K","2024/10/25\12:42:19"
268,"TYPE T","OL/92.1","K","2024/10/25\12:42:20"
269,"TYPE T","OL/92.1","K","2024/10/25\12:42:20"
270,"TYPE T","OL/92.1","K","2024/10/25\12:42:21"
271,"TYPE T","OL/92.0","K","2024/10/25\12:42:22"
272,"TYPE T","OL/92.0","K","2024/10/25\12:42:22"
273,"TYPE T","OL/92.0","K","2024/10/25\12:42:23"
274,"TYPE T","OL/92.0","K","2024/10/25\12:42:23"
275,"TYPE T","OL/92.0","K","2024/10/25\12:42:24"
276,"TYPE T","OL/92.0","K","2024/10/25\12:42:25"
277,"TYPE T","OL/92.0","K","2024/10/25\12:42:25"
278,"TYPE T","OL/92.0","K","2024/10/25\12:42:26"
279,"TYPE T","OL/92.0","K","2024/10/25\12:42:26"
280,"TYPE T","OL/92.0","K","2024/10/25\12:42:27"
281,"TYPE T","OL/92.0","K","2024/10/25\12:42:27"
282,"TYPE T","OL/91.9","K","2024/10/25\12:42:28"
283,"TYPE T","OL/91.9","K","2024/10/25\12:42:29"
284,"TYPE T","OL/91.9","K","2024/10/25\12:42:29"
285,"TYPE T","OL/91.9","K","2024/10/25\12:42:30"
286,"TYPE T","OL/91.9","K","2024/10/25\12:42:30"
287,"TYPE T","OL/91.9","K","2024/10/25\12:42:31"
288,"TYPE T","OL/91.9","K","2024/10/25\12:42:32"
289,"TYPE T","OL/91.9","K","2024/10/25\12:42:32"
290,"TYPE T","OL/91.9","K","2024/10/25\12:42:33"
291,"TYPE T","OL/91.9","K","2024/10/25\12:42:33"
292,"TYPE T","OL/91.9","K","2024/10/25\12:42:34"
293,"TYPE T","OL/91.9","K","2024/10/25\12:42:35"
294,"TYPE T","OL/91.9","K","2024/10/25\12:42:35"
295,"TYPE T","OL/92.0","K","2024/10/25\12:42:36"
296,"TYPE T","OL/91.9","K","2024/10/25\12:42:36"
297,"TYPE T","OL/91.9","K","2024/10/25\12:42:37"
298,"TYPE T","OL/91.9","K","2024/10/25\12:42:38"
299,"TYPE T","OL/91.9","K","2024/10/25\12:42:38"
300,"TYPE T","OL/91.9","K","2024/10/25\12:42:39"
301,"TYPE T","OL/91.9","K","2024/10/25\12:42:39"
302,"TYPE T","OL/91.9","K","2024/10/25\12:42:40"
303,"TYPE T","OL/91.8","K","2024/10/25\12:42:41"
304,"TYPE T","OL/91.8","K","2024/10/25\12:42:41"
305,"TYPE T","OL/91.8","K","2024/10/25\12:42:42"
306,"TYPE T","OL/91.8","K","2024/10/25\12:42:42"
307,"TYPE T","OL/91.8","K","2024/10/25\12:42:43"
308,"TYPE T","OL/91.8","K","2024/10/25\12:42:44"
309,"TYPE T","OL/91.9","K","2024/10/25\12:42:44"
310,"TYPE T","OL/91.9","K","2024/10/25\12:42:45"
311,"TYPE T","OL/91.9","K","2024/10/25\12:42:45"
312,"TYPE T","OL/91.9","K","2024/10/25\12:42:46"
313,"TYPE T","OL/91.9","K","2024/10/25\12:42:46"
314,"TYPE T","OL/91.9","K","2024/10/25\12:42:47"
315,"TYPE T","OL/91.9","K","2024/10/25\12:42:48"
316,"TYPE T","OL/91.9","K","2024/10/25\12:42:48"
317,"TYPE T","OL/91.9","K","2024/10/25\12:42:49"
318,"TYPE T","OL/91.9","K","2024/10/25\12:42:49"
319,"TYPE T","OL/91.9","K","2024/10/25\12:42:50"
320,"TYPE T","OL/91.8","K","2024/10/25\12:42:51"
321,"TYPE T","OL/91.8","K","2024/10/25\12:42:51"
322,"TYPE T","OL/91.8","K","2024/10/25\12:42:52"
323,"TYPE T","OL/91.8","K","2024/10/25\12:42:52"
324,"TYPE T","OL/91.8","K","2024/10/25\12:42:53"
325,"TYPE T","OL/91.8","K","2024/10/25\12:42:54"
326,"TYPE T","OL/91.8","K","2024/10/25\12:42:54"
327,"TYPE T","OL/91.7","K","2024/10/25\12:42:55"
328,"TYPE T","OL/91.7","K","2024/10/25\12:42:55"
329,"TYPE T","OL/91.7","K","2024/10/25\12:42:56"
330,"TYPE T","OL/91.8","K","2024/10/25\12:42:57"
331,"TYPE T","OL/91.7","K","2024/10/25\12:42:57"
332,"TYPE T","OL/91.8","K","2024/10/25\12:42:58"
333,"TYPE T","OL/91.8","K","2024/10/25\12:42:58"
334,"TYPE T","OL/91.7","K","2024/10/25\12:42:59"
335,"TYPE T","OL/91.7","K","2024/10/25\12:43:00"
336,"TYPE T","OL/91.7","K","2024/10/25\12:43:00"
337,"TYPE T","OL/91.8","K","2024/10/25\12:43:01"
338,"TYPE T","OL/91.8","K","2024/10/25\12:43:01"
339,"TYPE T","OL/91.8","K","2024/10/25\12:43:02"
340,"TYPE T","OL/91.8","K","2024/10/25\12:43:03"
341,"TYPE T","OL/91.8","K","2024/10/25\12:43:03"
342,"TYPE T","OL/91.7","K","2024/10/25\12:43:04"
343,"TYPE T","OL/91.8","K","2024/10/25\12:43:04"
344,"TYPE T","OL/91.7","K","2024/10/25\12:43:05"
345,"TYPE T","OL/91.8","K","2024/10/25\12:43:06"
346,"TYPE T","OL/91.8","K","2024/10/25\12:43:06"
347,"TYPE T","OL/91.8","K","2024/10/25\12:43:07"
348,"TYPE T","OL/91.8","K","2024/10/25\12:43:07"
349,"TYPE T","OL/91.8","K","2024/10/25\12:43:08"
350,"TYPE T","OL/91.7","K","2024/10/25\12:43:08"
351,"TYPE T","OL/91.8","K","2024/10/25\12:43:09"
352,"TYPE T","OL/91.7","K","2024/10/25\12:43:10"
353,"TYPE T","OL/91.7","K","2024/10/25\12:43:10"
354,"TYPE T","OL/91.7","K","2024/10/25\12:43:11"
355,"TYPE T","OL/91.7","K","2024/10/25\12:43:11"
356,"TYPE T","OL/91.7","K","2024/10/25\12:43:12"
357,"TYPE T","OL/91.6","K","2024/10/25\12:43:13"
358,"TYPE T","OL/91.6","K","2024/10/25\12:43:13"
359,"TYPE T","OL/91.6","K","2024/10/25\12:43:14"
360,"TYPE T","OL/91.6","K","2024/10/25\12:43:14"
361,"TYPE T","OL/91.6","K","2024/10/25\12:43:15"
362,"TYPE T","OL/91.7","K","2024/10/25\12:43:16"
363,"TYPE T","OL/91.7","K","2024/10/25\12:43:16"
364,"TYPE T","OL/91.7","K","2024/10/25\12:43:17"
365,"TYPE T","OL/91.7","K","2024/10/25\12:43:17"
366,"TYPE T","OL/91.7","K","2024/10/25\12:43:18"
367,"TYPE T","OL/91.7","K","2024/10/25\12:43:19"
368,"TYPE T","OL/91.7","K","2024/10/25\12:43:19"
369,"TYPE T","OL/91.7","K","2024/10/25\12:43:20"
370,"TYPE T","OL/91.7","K","2024/10/25\12:43:20"
371,"TYPE T","OL/91.7","K","2024/10/25\12:43:21"
372,"TYPE T","OL/91.7","K","2024/10/25\12:43:22"
373,"TYPE T","OL/91.7","K","2024/10/25\12:43:22"
374,"TYPE T","OL/91.7","K","2024/10/25\12:43:23"
375,"TYPE T","OL/91.7","K","2024/10/25\12:43:23"
376,"TYPE T","OL/91.6","K","2024/10/25\12:43:24"
377,"TYPE T","OL/91.6","K","2024/10/25\12:43:25"
378,"TYPE T","OL/91.6","K","2024/10/25\12:43:25"
379,"TYPE T","OL/91.6","K","2024/10/25\12:43:26"
380,"TYPE T","OL/91.6","K","2024/10/25\12:43:26"
381,"TYPE T","OL/91.6","K","2024/10/25\12:43:27"
382,"TYPE T","OL/91.6","K","2024/10/25\12:43:27"
383,"TYPE T","OL/91.6","K","2024/10/25\12:43:28"
384,"TYPE T","OL/91.6","K","2024/10/25\12:43:29"
385,"TYPE T","OL/91.6","K","2024/10/25\12:43:29"
386,"TYPE T","OL/91.6","K","2024/10/25\12:43:30"
387,"TYPE T","OL/91.6","K","2024/10/25\12:43:30"
388,"TYPE T","OL/91.6","K","2024/10/25\12:43:31"
389,"TYPE T","OL/91.6","K","2024/10/25\12:43:32"
390,"TYPE T","OL/91.6","K","2024/10/25\12:43:32"
391,"TYPE T","OL/91.6","K","2024/10/25\12:43:33"
392,"TYPE T","OL/91.6","K","2024/10/25\12:43:33"
393,"TYPE T","OL/91.6","K","2024/10/25\12:43:34"
394,"TYPE T","OL/91.6","K","2024/10/25\12:43:35"
395,"TYPE T","OL/91.6","K","2024/10/25\12:43:35"
396,"TYPE T","OL/91.6","K","2024/10/25\12:43:36"
397,"TYPE T","OL/91.6","K","2024/10/25\12:43:36"
398,"TYPE T","OL/91.6","K","2024/10/25\12:43:37"
399,"TYPE T","OL/91.6","K","2024/10/25\12:43:38"
400,"TYPE T","OL/91.6","K","2024/10/25\12:43:38"
401,"TYPE T","OL/91.6","K","2024/10/25\12:43:39"
402,"TYPE T","OL/91.6","K","2024/10/25\12:43:39"
403,"TYPE T","OL/91.5","K","2024/10/25\12:43:40"
404,"TYPE T","OL/91.5","K","2024/10/25\12:43:41"
405,"TYPE T","OL/91.5","K","2024/10/25\12:43:41"
406,"TYPE T","OL/91.5","K","2024/10/25\12:43:42"
407,"TYPE T","OL/91.5","K","2024/10/25\12:43:42"
408,"TYPE T","OL/91.5","K","2024/10/25\12:43:43"
409,"TYPE T","OL/91.5","K","2024/10/25\12:43:44"
410,"TYPE T","OL/91.5","K","2024/10/25\12:43:44"
411,"TYPE T","OL/91.5","K","2024/10/25\12:43:45"
412,"TYPE T","OL/91.5","K","2024/10/25\12:43:45"
413,"TYPE T","OL/91.5","K","2024/10/25\12:43:46"
414,"TYPE T","OL/91.5","K","2024/10/25\12:43:46"
415,"TYPE T","OL/91.5","K","2024/10/25\12:43:47"
416,"TYPE T","OL/91.5","K","2024/10/25\12:43:48"
417,"TYPE T","OL/91.5","K","2024/10/25\12:43:48"
418,"TYPE T","OL/91.5","K","2024/10/25\12:43:49"
419,"TYPE T","OL/91.5","K","2024/10/25\12:43:49"
420,"TYPE T","OL/91.5","K","2024/10/25\12:43:50"
421,"TYPE T","OL/91.5","K","2024/10/25\12:43:51"
422,"TYPE T","OL/91.4","K","2024/10/25\12:43:51"
423,"TYPE T","OL/91.4","K","2024/10/25\12:43:52"
424,"TYPE T","OL/91.4","K","2024/10/25\12:43:52"
425,"TYPE T","OL/91.4","K","2024/10/25\12:43:53"
426,"TYPE T","OL/91.4","K","2024/10/25\12:43:54"
427,"TYPE T","OL/91.4","K","2024/10/25\12:43:54"
428,"TYPE T","OL/91.4","K","2024/10/25\12:43:55"
429,"TYPE T","OL/91.4","K","2024/10/25\12:43:55"
430,"TYPE T","OL/91.4","K","2024/10/25\12:43:56"
431,"TYPE T","OL/91.4","K","2024/10/25\12:43:57"
432,"TYPE T","OL/91.4","K","2024/10/25\12:43:57"
433,"TYPE T","OL/91.4","K","2024/10/25\12:43:58"
434,"TYPE T","OL/91.4","K","2024/10/25\12:43:58"
435,"TYPE T","OL/91.5","K","2024/10/25\12:43:59"
436,"TYPE T","OL/91.5","K","2024/10/25\12:44:00"
437,"TYPE T","OL/91.5","K","2024/10/25\12:44:00"
438,"TYPE T","OL/91.5","K","2024/10/25\12:44:01"
439,"TYPE T","OL/91.5","K","2024/10/25\12:44:01"
440,"TYPE T","OL/91.5","K","2024/10/25\12:44:02"
441,"TYPE T","OL/91.5","K","2024/10/25\12:44:03"
442,"TYPE T","OL/91.5","K","2024/10/25\12:44:03"
443,"TYPE T","OL/91.5","K","2024/10/25\12:44:04"
444,"TYPE T","OL/91.5","K","2024/10/25\12:44:04"
445,"TYPE T","OL/91.5","K","2024/10/25\12:44:05"
446,"TYPE T","OL/91.5","K","2024/10/25\12:44:06"
447,"TYPE T","OL/91.4","K","2024/10/25\12:44:06"
448,"TYPE T","OL/91.4","K","2024/10/25\12:44:07"
449,"TYPE T","OL/91.4","K","2024/10/25\12:44:07"
450,"TYPE T","OL/91.3","K","2024/10/25\12:44:08"
451,"TYPE T","OL/91.3","K","2024/10/25\12:44:08"
452,"TYPE T","OL/91.4","K","2024/10/25\12:44:09"
453,"TYPE T","OL/91.3","K","2024/10/25\12:44:10"
454,"TYPE T","OL/91.3","K","2024/10/25\12:44:10"
455,"TYPE T","OL/91.3","K","2024/10/25\12:44:11"
456,"TYPE T","OL/91.3","K","2024/10/25\12:44:11"
457,"TYPE T","OL/91.3","K","2024/10/25\12:44:12"
458,"TYPE T","OL/91.4","K","2024/10/25\12:44:13"
459,"TYPE T","OL/91.4","K","2024/10/25\12:44:13"
460,"TYPE T","OL/91.4","K","2024/10/25\12:44:14"
461,"TYPE T","OL/91.4","K","2024/10/25\12:44:14"
462,"TYPE T","OL/91.4","K","2024/10/25\12:44:15"
463,"TYPE T","OL/91.3","K","2024/10/25\12:44:16"
464,"TYPE T","OL/91.3","K","2024/10/25\12:44:16"
465,"TYPE T","OL/91.3","K","2024/10/25\12:44:17"
466,"TYPE T","OL/91.3","K","2024/10/25\12:44:17"
467,"TYPE T","OL/91.3","K","2024/10/25\12:44:18"
468,"TYPE T","OL/91.3","K","2024/10/25\12:44:19"
469,"TYPE T","OL/91.3","K","2024/10/25\12:44:19"
470,"TYPE T","OL/91.3","K","2024/10/25\12:44:20"
471,"TYPE T","OL/91.3","K","2024/10/25\12:44:20"
472,"TYPE T","OL/91.3","K","2024/10/25\12:44:21"
473,"TYPE T","OL/91.4","K","2024/10/25\12:44:22"
474,"TYPE T","OL/91.4","K","2024/10/25\12:44:22"
475,"TYPE T","OL/91.4","K","2024/10/25\12:44:23"
476,"TYPE T","OL/91.4","K","2024/10/25\12:44:23"
477,"TYPE T","OL/91.4","K","2024/10/25\12:44:24"
478,"TYPE T","OL/91.4","K","2024/10/25\12:44:25"
479,"TYPE T","OL/91.4","K","2024/10/25\12:44:25"
480,"TYPE T","OL/91.4","K","2024/10/25\12:44:26"
481,"TYPE T","OL/91.4","K","2024/10/25\12:44:26"
482,"TYPE T","OL/91.4","K","2024/10/25\12:44:27"
483,"TYPE T","OL/91.3","K","2024/10/25\12:44:27"
484,"TYPE T","OL/91.4","K","2024/10/25\12:44:28"
485,"TYPE T","OL/91.4","K","2024/10/25\12:44:29"
486,"TYPE T","OL/91.4","K","2024/10/25\12:44:29"
487,"TYPE T","OL/91.4","K","2024/10/25\12:44:30"
488,"TYPE T","OL/91.4","K","2024/10/25\12:44:30"
489,"TYPE T","OL/91.4","K","2024/10/25\12:44:31"
490,"TYPE T","OL/91.4","K","2024/10/25\12:44:32"
491,"TYPE T","OL/91.4","K","2024/10/25\12:44:32"
492,"TYPE T","OL/91.4","K","2024/10/25\12:44:33"
493,"TYPE T","OL/91.4","K","2024/10/25\12:44:33"
494,"TYPE T","OL/91.4","K","2024/10/25\12:44:34"
495,"TYPE T","OL/91.4","K","2024/10/25\12:44:35"
496,"TYPE T","OL/91.4","K","2024/10/25\12:44:35"
497,"TYPE T","OL/91.3","K","2024/10/25\12:44:36"
498,"TYPE T","OL/91.4","K","2024/10/25\12:44:36"
499,"TYPE T","OL/91.3","K","2024/10/25\12:44:37"
500,"TYPE T","OL/91.4","K","2024/10/25\12:44:38"
501,"TYPE T","OL/91.3","K","2024/10/25\12:44:38"
502,"TYPE T","OL/91.3","K","2024/10/25\12:44:39"
503,"TYPE T","OL/91.4","K","2024/10/25\12:44:39"
504,"TYPE T","OL/91.4","K","2024/10/25\12:44:40"
505,"TYPE T","OL/91.3","K","2024/10/25\12:44:41"
506,"TYPE T","OL/91.4","K","2024/10/25\12:44:41"
507,"TYPE T","OL/91.4","K","2024/10/25\12:44:42"
508,"TYPE T","OL/91.3","K","2024/10/25\12:44:42"
509,"TYPE T","OL/91.4","K","2024/10/25\12:44:43"
510,"TYPE T","OL/91.3","K","2024/10/25\12:44:44"
511,"TYPE T","OL/91.3","K","2024/10/25\12:44:44"
512,"TYPE T","OL/91.4","K","2024/10/25\12:44:45"
513,"TYPE T","OL/91.3","K","2024/10/25\12:44:45"
514,"TYPE T","OL/91.3","K","2024/10/25\12:44:46"
515,"TYPE T","OL/91.3","K","2024/10/25\12:44:46"
516,"TYPE T","OL/91.3","K","2024/10/25\12:44:47"
517,"TYPE T","OL/91.3","K","2024/10/25\12:44:48"
518,"TYPE T","OL/91.3","K","2024/10/25\12:44:48"
519,"TYPE T","OL/91.3","K","2024/10/25\12:44:49"
520,"TYPE T","OL/91.3","K","2024/10/25\12:44:49"
521,"TYPE T","OL/91.3","K","2024/10/25\12:44:50"
522,"TYPE T","OL/91.3","K","2024/10/25\12:44:51"
523,"TYPE T","OL/91.3","K","2024/10/25\12:44:51"
524,"TYPE T","OL/91.3","K","2024/10/25\12:44:52"
525,"TYPE T","OL/91.3","K","2024/10/25\12:44:52"
526,"TYPE T","OL/91.3","K","2024/10/25\12:44:53"
527,"TYPE T","OL/91.4","K","2024/10/25\12:44:54"
528,"TYPE T","OL/91.3","K","2024/10/25\12:44:54"
529,"TYPE T","OL/91.3","K","2024/10/25\12:44:55"
530,"TYPE T","OL/91.3","K","2024/10/25\12:44:55"
531,"TYPE T","OL/91.3","K","2024/10/25\12:44:56"
532,"TYPE T","OL/91.3","K","2024/10/25\12:44:57"
533,"TYPE T","OL/91.3","K","2024/10/25\12:44:57"
534,"TYPE T","OL/91.3","K","2024/10/25\12:44:58"
535,"TYPE T","OL/91.2","K","2024/10/25\12:44:58"
536,"TYPE T","OL/91.2","K","2024/10/25\12:44:59"
537,"TYPE T","OL/91.2","K","2024/10/25\12:45:00"
538,"TYPE T","OL/91.3","K","2024/10/25\12:45:00"
539,"TYPE T","OL/91.3","K","2024/10/25\12:45:01"
540,"TYPE T","OL/91.3","K","2024/10/25\12:45:01"
541,"TYPE T","OL/91.3","K","2024/10/25\12:45:02"
542,"TYPE T","OL/91.3","K","2024/10/25\12:45:03"
543,"TYPE T","OL/91.3","K","2024/10/25\12:45:03"
544,"TYPE T","OL/91.3","K","2024/10/25\12:45:04"
545,"TYPE T","OL/91.3","K","2024/10/25\12:45:04"
546,"TYPE T","OL/91.3","K","2024/10/25\12:45:05"
547,"TYPE T","OL/91.2","K","2024/10/25\12:45:06"
548,"TYPE T","OL/91.2","K","2024/10/25\12:45:06"
549,"TYPE T","OL/91.2","K","2024/10/25\12:45:07"
550,"TYPE T","OL/91.2","K","2024/10/25\12:45:07"
551,"TYPE T","OL/91.2","K","2024/10/25\12:45:08"
552,"TYPE T","OL/91.2","K","2024/10/25\12:45:08"
553,"TYPE T","OL/91.2","K","2024/10/25\12:45:09"
554,"TYPE T","OL/91.2","K","2024/10/25\12:45:10"
555,"TYPE T","OL/91.2","K","2024/10/25\12:45:10"
556,"TYPE T","OL/91.2","K","2024/10/25\12:45:11"
557,"TYPE T","OL/91.2","K","2024/10/25\12:45:11"
558,"TYPE T","OL/91.1","K","2024/10/25\12:45:12"
559,"TYPE T","OL/91.1","K","2024/10/25\12:45:13"
560,"TYPE T","OL/91.1","K","2024/10/25\12:45:13"
561,"TYPE T","OL/91.1","K","2024/10/25\12:45:14"
562,"TYPE T","OL/91.1","K","2024/10/25\12:45:14"
563,"TYPE T","OL/91.1","K","2024/10/25\12:45:15"
564,"TYPE T","OL/91.1","K","2024/10/25\12:45:16"
565,"TYPE T","OL/91.1","K","2024/10/25\12:45:16"
566,"TYPE T","OL/91.1","K","2024/10/25\12:45:17"
567,"TYPE T","OL/91.1","K","2024/10/25\12:45:17"
568,"TYPE T","OL/91.1","K","2024/10/25\12:45:18"
569,"TYPE T","OL/91.1","K","2024/10/25\12:45:19"
570,"TYPE T","OL/91.2","K","2024/10/25\12:45:19"
571,"TYPE T","OL/91.2","K","2024/10/25\12:45:20"
572,"TYPE T","OL/91.2","K","2024/10/25\12:45:20"
573,"TYPE T","OL/91.2","K","2024/10/25\12:45:21"
574,"TYPE T","OL/91.1","K","2024/10/25\12:45:22"
575,"TYPE T","OL/91.1","K","2024/10/25\12:45:22"
576,"TYPE T","OL/91.1","K","2024/10/25\12:45:23"
577,"TYPE T","OL/91.1","K","2024/10/25\12:45:23"
578,"TYPE T","OL/91.1","K","2024/10/25\12:45:24"
579,"TYPE T","OL/91.1","K","2024/10/25\12:45:25"
580,"TYPE T","OL/91.0","K","2024/10/25\12:45:25"
581,"TYPE T","OL/91.0","K","2024/10/25\12:45:26"
582,"TYPE T","OL/91.0","K","2024/10/25\12:45:26"
583,"TYPE T","OL/91.1","K","2024/10/25\12:45:27"
584,"TYPE T","OL/91.1","K","2024/10/25\12:45:27"
585,"TYPE T","OL/91.1","K","2024/10/25\12:45:28"
586,"TYPE T","OL/91.1","K","2024/10/25\12:45:29"
587,"TYPE T","OL/91.1","K","2024/10/25\12:45:29"
588,"TYPE T","OL/91.1","K","2024/10/25\12:45:30"
589,"TYPE T","OL/91.2","K","2024/10/25\12:45:30"
590,"TYPE T","OL/91.2","K","2024/10/25\12:45:31"
591,"TYPE T","OL/91.2","K","2024/10/25\12:45:32"
592,"TYPE T","OL/91.2","K","2024/10/25\12:45:32"
593,"TYPE T","OL/91.2","K","2024/10/25\12:45:33"
594,"TYPE T","OL/91.2","K","2024/10/25\12:45:33"
595,"TYPE T","OL/91.2","K","2024/10/25\12:45:34"
596,"TYPE T","OL/91.2","K","2024/10/25\12:45:35"
597,"TYPE T","OL/91.2","K","2024/10/25\12:45:35"
598,"TYPE T","OL/91.2","K","2024/10/25\12:45:36"
599,"TYPE T","OL/91.2","K","2024/10/25\12:45:36"
600,"TYPE T","OL/91.2","K","2024/10/25\12:45:37"
601,"TYPE T","OL/91.1","K","2024/10/25\12:45:38"
602,"TYPE T","OL/91.1","K","2024/10/25\12:45:38"
603,"TYPE T","OL/91.1","K","2024/10/25\12:45:39"
604,"TYPE T","OL/91.1","K","2024/10/25\12:45:39"
605,"TYPE T","OL/91.2","K","2024/10/25\12:45:40"
606,"TYPE T","OL/91.1","K","2024/10/25\12:45:41"
607,"TYPE T","OL/91.1","K","2024/10/25\12:45:41"
608,"TYPE T","OL/91.2","K","2024/10/25\12:45:42"
609,"TYPE T","OL/91.2","K","2024/10/25\12:45:42"
610,"TYPE T","OL/91.1","K","2024/10/25\12:45:43"
611,"TYPE T","OL/91.1","K","2024/10/25\12:45:44"
612,"TYPE T","OL/91.1","K","2024/10/25\12:45:44"
613,"TYPE T","OL/91.1","K","2024/10/25\12:45:45"
614,"TYPE T","OL/91.1","K","2024/10/25\12:45:45"
615,"TYPE T","OL/91.1","K","2024/10/25\12:45:46"
616,"TYPE T","OL/91.1","K","2024/10/25\12:45:46"
617,"TYPE T","OL/91.0","K","2024/10/25\12:45:47"
618,"TYPE T","OL/91.0","K","2024/10/25\12:45:48"
619,"TYPE T","OL/91.0","K","2024/10/25\12:45:48"
620,"TYPE T","OL/91.0","K","2024/10/25\12:45:49"
621,"TYPE T","OL/91.1","K","2024/10/25\12:45:49"
622,"TYPE T","OL/91.1","K","2024/10/25\12:45:50"
623,"TYPE T","OL/91.1","K","2024/10/25\12:45:51"
624,"TYPE T","OL/91.1","K","2024/10/25\12:45:51"
625,"TYPE T","OL/91.1","K","2024/10/25\12:45:52"
626,"TYPE T","OL/91.1","K","2024/10/25\12:45:52"
627,"TYPE T","OL/91.1","K","2024/10/25\12:45:53"
628,"TYPE T","OL/91.1","K","2024/10/25\12:45:54"
629,"TYPE T","OL/91.1","K","2024/10/25\12:45:54"
630,"TYPE T","OL/91.0","K","2024/10/25\12:45:55"
631,"TYPE T","OL/91.0","K","2024/10/25\12:45:55"
632,"TYPE T","OL/91.0","K","2024/10/25\12:45:56"
633,"TYPE T","OL/91.0","K","2024/10/25\12:45:57"
634,"TYPE T","OL/91.0","K","2024/10/25\12:45:57"
635,"TYPE T","OL/91.0","K","2024/10/25\12:45:58"
636,"TYPE T","OL/91.1","K","2024/10/25\12:45:58"
637,"TYPE T","OL/91.0","K","2024/10/25\12:45:59"
638,"TYPE T","OL/91.0","K","2024/10/25\12:46:00"
639,"TYPE T","OL/91.0","K","2024/10/25\12:46:00"
640,"TYPE T","OL/91.0","K","2024/10/25\12:46:01"
641,"TYPE T","OL/91.0","K","2024/10/25\12:46:01"
642,"TYPE T","OL/91.0","K","2024/10/25\12:46:02"
643,"TYPE T","OL/91.0","K","2024/10/25\12:46:03"
644,"TYPE T","OL/91.0","K","2024/10/25\12:46:03"
645,"TYPE T","OL/91.0","K","2024/10/25\12:46:04"
646,"TYPE T","OL/91.0","K","2024/10/25\12:46:04"
647,"TYPE T","OL/91.0","K","2024/10/25\12:46:05"
648,"TYPE T","OL/91.0","K","2024/10/25\12:46:06"
649,"TYPE T","OL/91.0","K","2024/10/25\12:46:06"
650,"TYPE T","OL/91.0","K","2024/10/25\12:46:07"
651,"TYPE T","OL/91.0","K","2024/10/25\12:46:07"
652,"TYPE T","OL/91.0","K","2024/10/25\12:46:08"
653,"TYPE T","OL/91.0","K","2024/10/25\12:46:08"
654,"TYPE T","OL/91.0","K","2024/10/25\12:46:09"
655,"TYPE T","OL/91.0","K","2024/10/25\12:46:10"
656,"TYPE T","OL/91.0","K","2024/10/25\12:46:10"
657,"TYPE T","OL/91.0","K","2024/10/25\12:46:11"
658,"TYPE T","OL/91.0","K","2024/10/25\12:46:11"
659,"TYPE T","OL/91.0","K","2024/10/25\12:46:12"
660,"TYPE T","OL/91.0","K","2024/10/25\12:46:13"
661,"TYPE T","OL/91.0","K","2024/10/25\12:46:13"
662,"TYPE T","OL/91.0","K","2024/10/25\12:46:14"
663,"TYPE T","OL/91.0","K","2024/10/25\12:46:14"
664,"TYPE T","OL/91.0","K","2024/10/25\12:46:15"
665,"TYPE T","OL/91.0","K","2024/10/25\12:46:16"
666,"TYPE T","OL/91.0","K","2024/10/25\12:46:16"
667,"TYPE T","OL/91.0","K","2024/10/25\12:46:17"
668,"TYPE T","OL/91.0","K","2024/10/25\12:46:17"
669,"TYPE T","OL/91.0","K","2024/10/25\12:46:18"
670,"TYPE T","OL/91.0","K","2024/10/25\12:46:19"
671,"TYPE T","OL/91.0","K","2024/10/25\12:46:19"
672,"TYPE T","OL/91.0","K","2024/10/25\12:46:20"
673,"TYPE T","OL/91.0","K","2024/10/25\12:46:20"
674,"TYPE T","OL/91.0","K","2024/10/25\12:46:21"
675,"TYPE T","OL/90.9","K","2024/10/25\12:46:22"
676,"TYPE T","OL/90.9","K","2024/10/25\12:46:22"
677,"TYPE T","OL/91.0","K","2024/10/25\12:46:23"
678,"TYPE T","OL/90.9","K","2024/10/25\12:46:23"
679,"TYPE T","OL/90.9","K","2024/10/25\12:46:24"
680,"TYPE T","OL/91.0","K","2024/10/25\12:46:25"
681,"TYPE T","OL/90.9","K","2024/10/25\12:46:25"
682,"TYPE T","OL/90.9","K","2024/10/25\12:46:26"
683,"TYPE T","OL/91.0","K","2024/10/25\12:46:26"
